UniqueIdentifier,CdnUrl,LastUpdated
1370463,http://somewhere.cdn/92273.png,9/24/2020
1314288,http://somewhere.cdn/55827.png,6/8/2020
8347287,http://somewhere.cdn/5817.png,3/16/2020
8832590,http://somewhere.cdn/80407.png,7/22/2020
1316416,http://somewhere.cdn/96410.png,5/15/2020
1006708,http://somewhere.cdn/59625.png,10/30/2020
1316423,http://somewhere.cdn/40974.png,5/5/2020
716677,http://somewhere.cdn/96273.png,9/6/2020
2226029,http://somewhere.cdn/81853.png,5/22/2020
3267745,http://somewhere.cdn/43245.png,2/27/2020
3825679,http://somewhere.cdn/72412.png,8/6/2020
1526798,http://somewhere.cdn/82152.png,3/7/2020
8301839,http://somewhere.cdn/93175.png,11/21/2020
8303061,http://somewhere.cdn/3264.png,11/9/2020
9833811,http://somewhere.cdn/44561.png,5/5/2020
9833798,http://somewhere.cdn/69471.png,6/1/2020
6681714,http://somewhere.cdn/57841.png,8/23/2020
8893118,http://somewhere.cdn/72447.png,5/9/2020
9815104,http://somewhere.cdn/92039.png,7/10/2020
1293386,http://somewhere.cdn/32670.png,1/9/2020
2346045,http://somewhere.cdn/58130.png,5/31/2020
5503355,http://somewhere.cdn/28028.png,11/16/2020
1204619,http://somewhere.cdn/78295.png,6/23/2020
2342626,http://somewhere.cdn/61697.png,5/5/2020
8892546,http://somewhere.cdn/81704.png,10/6/2020
1824251,http://somewhere.cdn/21522.png,1/25/2020
5358392,http://somewhere.cdn/50685.png,10/29/2020
9609119,http://somewhere.cdn/1613.png,10/3/2020
9609132,http://somewhere.cdn/15293.png,9/21/2020
29419,http://somewhere.cdn/52784.png,11/14/2020
259779,http://somewhere.cdn/68270.png,12/20/2020
459979,http://somewhere.cdn/65143.png,12/13/2020
1375998,http://somewhere.cdn/28750.png,2/3/2020
1476072,http://somewhere.cdn/24807.png,4/15/2020
4079101,http://somewhere.cdn/59586.png,3/5/2020
4082728,http://somewhere.cdn/40953.png,7/9/2020
9444565,http://somewhere.cdn/95809.png,10/28/2020
9609067,http://somewhere.cdn/73952.png,7/4/2020
9444617,http://somewhere.cdn/5055.png,7/21/2020
9444656,http://somewhere.cdn/70655.png,8/25/2020
9444812,http://somewhere.cdn/11838.png,12/22/2020
9444513,http://somewhere.cdn/45618.png,7/30/2020
9444682,http://somewhere.cdn/8878.png,11/7/2020
9444591,http://somewhere.cdn/93364.png,9/25/2020
9444786,http://somewhere.cdn/78531.png,5/29/2020
9444825,http://somewhere.cdn/39964.png,10/4/2020
9813362,http://somewhere.cdn/8902.png,10/23/2020
9444773,http://somewhere.cdn/35722.png,9/6/2020
9813388,http://somewhere.cdn/62983.png,10/21/2020
1281143,http://somewhere.cdn/79061.png,12/8/2020
1289151,http://somewhere.cdn/66245.png,10/8/2020
1289193,http://somewhere.cdn/12658.png,8/26/2020
1289200,http://somewhere.cdn/35899.png,11/19/2020
1281157,http://somewhere.cdn/25992.png,10/25/2020
1289228,http://somewhere.cdn/5294.png,12/22/2020
1289130,http://somewhere.cdn/64212.png,3/30/2020
1289165,http://somewhere.cdn/10850.png,7/1/2020
1289207,http://somewhere.cdn/35110.png,7/22/2020
1289172,http://somewhere.cdn/98683.png,6/3/2020
1289144,http://somewhere.cdn/48018.png,9/4/2020
1947244,http://somewhere.cdn/59640.png,10/27/2020
793000,http://somewhere.cdn/70864.png,9/13/2020
696462,http://somewhere.cdn/79514.png,3/5/2020
696280,http://somewhere.cdn/60296.png,6/21/2020
993460,http://somewhere.cdn/86902.png,11/25/2020
336947,http://somewhere.cdn/53182.png,7/4/2020
8927399,http://somewhere.cdn/96299.png,10/31/2020
8927451,http://somewhere.cdn/48869.png,9/7/2020
3668418,http://somewhere.cdn/57068.png,7/27/2020
5286541,http://somewhere.cdn/17090.png,11/21/2020
3668847,http://somewhere.cdn/66863.png,8/24/2020
5286554,http://somewhere.cdn/21814.png,11/20/2020
3668808,http://somewhere.cdn/54944.png,7/11/2020
3668795,http://somewhere.cdn/74923.png,2/22/2020
1309542,http://somewhere.cdn/14215.png,4/7/2020
5529147,http://somewhere.cdn/86646.png,10/2/2020
3668860,http://somewhere.cdn/87384.png,6/3/2020
3668392,http://somewhere.cdn/69993.png,2/12/2020
9730123,http://somewhere.cdn/96612.png,8/27/2020
9302332,http://somewhere.cdn/50447.png,12/17/2020
9302293,http://somewhere.cdn/66276.png,1/11/2020
5995652,http://somewhere.cdn/38987.png,11/1/2020
9302306,http://somewhere.cdn/37663.png,8/16/2020
9302319,http://somewhere.cdn/89110.png,6/5/2020
1006953,http://somewhere.cdn/7984.png,3/7/2020
9730214,http://somewhere.cdn/81973.png,10/23/2020
1006960,http://somewhere.cdn/76769.png,6/1/2020
9730279,http://somewhere.cdn/15107.png,10/4/2020
9643738,http://somewhere.cdn/22417.png,11/4/2020
3277014,http://somewhere.cdn/24289.png,7/14/2020
1025692,http://somewhere.cdn/57127.png,3/19/2020
3542058,http://somewhere.cdn/66247.png,7/2/2020
3541343,http://somewhere.cdn/27604.png,8/4/2020
2581995,http://somewhere.cdn/25404.png,7/28/2020
291369,http://somewhere.cdn/30848.png,12/16/2020
9274460,http://somewhere.cdn/71407.png,4/10/2020
1876511,http://somewhere.cdn/65096.png,11/1/2020
1671566,http://somewhere.cdn/11621.png,10/14/2020
52988,http://somewhere.cdn/65526.png,10/18/2020
57109,http://somewhere.cdn/33502.png,11/23/2020
1370463,http://somewhere.cdn/60937.png,7/9/2020
1314288,http://somewhere.cdn/2757.png,4/4/2020
8347287,http://somewhere.cdn/2057.png,3/15/2020
8832590,http://somewhere.cdn/57986.png,12/24/2020
1316416,http://somewhere.cdn/84688.png,12/23/2020
1006708,http://somewhere.cdn/72090.png,7/27/2020
1316423,http://somewhere.cdn/50755.png,1/8/2020
716677,http://somewhere.cdn/40612.png,11/7/2020
2226029,http://somewhere.cdn/15416.png,10/18/2020
3267745,http://somewhere.cdn/19454.png,12/26/2020
3825679,http://somewhere.cdn/63275.png,12/6/2020
1526798,http://somewhere.cdn/92360.png,3/12/2020
8301839,http://somewhere.cdn/17429.png,9/13/2020
8303061,http://somewhere.cdn/2444.png,1/7/2020
9833811,http://somewhere.cdn/88933.png,1/20/2020
9833798,http://somewhere.cdn/69584.png,6/24/2020
6681714,http://somewhere.cdn/98019.png,10/7/2020
8893118,http://somewhere.cdn/77175.png,8/20/2020
9815104,http://somewhere.cdn/51757.png,6/30/2020
1293386,http://somewhere.cdn/20468.png,11/2/2020
2346045,http://somewhere.cdn/40697.png,6/22/2020
5503355,http://somewhere.cdn/26629.png,8/4/2020
1204619,http://somewhere.cdn/14069.png,8/31/2020
2342626,http://somewhere.cdn/53013.png,6/13/2020
8892546,http://somewhere.cdn/2309.png,3/13/2020
1824251,http://somewhere.cdn/22735.png,7/21/2020
5358392,http://somewhere.cdn/56171.png,6/22/2020
9609119,http://somewhere.cdn/18533.png,1/14/2020
9609132,http://somewhere.cdn/48839.png,2/22/2020
29419,http://somewhere.cdn/60817.png,1/17/2020
259779,http://somewhere.cdn/26848.png,3/3/2020
459979,http://somewhere.cdn/13558.png,3/15/2020
1375998,http://somewhere.cdn/80604.png,10/18/2020
1476072,http://somewhere.cdn/28964.png,9/26/2020
4079101,http://somewhere.cdn/71177.png,2/22/2020
4082728,http://somewhere.cdn/33654.png,12/25/2020
9444565,http://somewhere.cdn/87959.png,6/27/2020
9609067,http://somewhere.cdn/96401.png,4/28/2020
9444617,http://somewhere.cdn/86303.png,11/2/2020
9444656,http://somewhere.cdn/13527.png,9/8/2020
9444812,http://somewhere.cdn/53145.png,10/8/2020
9444513,http://somewhere.cdn/24568.png,5/29/2020
9444682,http://somewhere.cdn/12394.png,5/28/2020
9444591,http://somewhere.cdn/89197.png,1/27/2020
9444786,http://somewhere.cdn/3378.png,12/5/2020
9444825,http://somewhere.cdn/77286.png,6/2/2020
9813362,http://somewhere.cdn/35059.png,11/26/2020
9444773,http://somewhere.cdn/65869.png,5/9/2020
9813388,http://somewhere.cdn/11206.png,1/13/2020
1281143,http://somewhere.cdn/42839.png,1/11/2020
1289151,http://somewhere.cdn/96256.png,2/25/2020
1289193,http://somewhere.cdn/21976.png,4/24/2020
1289200,http://somewhere.cdn/32930.png,1/11/2020
1281157,http://somewhere.cdn/53301.png,10/1/2020
1289228,http://somewhere.cdn/33037.png,5/28/2020
1289130,http://somewhere.cdn/72377.png,6/17/2020
1289165,http://somewhere.cdn/45559.png,10/29/2020
1289207,http://somewhere.cdn/6415.png,9/15/2020
1289172,http://somewhere.cdn/4553.png,12/10/2020
1289144,http://somewhere.cdn/91718.png,1/14/2020
1947244,http://somewhere.cdn/51159.png,10/9/2020
793000,http://somewhere.cdn/90200.png,6/6/2020
696462,http://somewhere.cdn/52357.png,8/22/2020
696280,http://somewhere.cdn/97590.png,6/16/2020
993460,http://somewhere.cdn/37909.png,9/21/2020
336947,http://somewhere.cdn/28527.png,9/11/2020
8927399,http://somewhere.cdn/86856.png,1/5/2020
8927451,http://somewhere.cdn/97224.png,8/28/2020
3668418,http://somewhere.cdn/51275.png,12/1/2020
5286541,http://somewhere.cdn/31889.png,7/11/2020
3668847,http://somewhere.cdn/30109.png,7/27/2020
5286554,http://somewhere.cdn/17553.png,9/24/2020
3668808,http://somewhere.cdn/18157.png,12/23/2020
3668795,http://somewhere.cdn/5733.png,7/28/2020
1309542,http://somewhere.cdn/49599.png,7/19/2020
5529147,http://somewhere.cdn/68610.png,10/1/2020
3668860,http://somewhere.cdn/22931.png,2/6/2020
3668392,http://somewhere.cdn/27188.png,12/5/2020
9730123,http://somewhere.cdn/79988.png,5/8/2020
9302332,http://somewhere.cdn/16732.png,12/8/2020
9302293,http://somewhere.cdn/23244.png,8/31/2020
5995652,http://somewhere.cdn/39975.png,7/14/2020
9302306,http://somewhere.cdn/62505.png,5/18/2020
9302319,http://somewhere.cdn/17259.png,7/13/2020
1006953,http://somewhere.cdn/12022.png,10/24/2020
9730214,http://somewhere.cdn/43281.png,6/9/2020
1006960,http://somewhere.cdn/89482.png,4/22/2020
9730279,http://somewhere.cdn/66389.png,12/22/2020
9643738,http://somewhere.cdn/88216.png,7/17/2020
3277014,http://somewhere.cdn/94169.png,12/6/2020
1025692,http://somewhere.cdn/8284.png,1/10/2020
3542058,http://somewhere.cdn/58567.png,6/17/2020
3541343,http://somewhere.cdn/87696.png,6/6/2020
2581995,http://somewhere.cdn/70104.png,12/12/2020
291369,http://somewhere.cdn/3364.png,3/23/2020
9274460,http://somewhere.cdn/80464.png,6/29/2020
1876511,http://somewhere.cdn/42992.png,2/22/2020
1671566,http://somewhere.cdn/19962.png,3/18/2020
52988,http://somewhere.cdn/8915.png,8/17/2020
57109,http://somewhere.cdn/80733.png,9/4/2020
